registration_number,name,legal_form,open_vacancies,exported_on
34140620,Lugera & Maklér spol.s r.o.,Spoločnosť s ručením obmedzeným,232,2026-10-07
44400926,"Manuvia, a. s.",Akciová spoločnosť,190,2026-10-07
48260436,TRANSFER International Staff k.s.,Komanditná spoločnosť,140,2026-10-07
54653126,Spa Company s. r. o.,Spoločnosť s ručením obmedzeným,116,2026-10-07
55123261,"Realizačné Práce KM, s. r. o.",Spoločnosť s ručením obmedzeným,97,2026-10-07
31321828,"TESCO STORES SR, a.s.",Akciová spoločnosť,92,2026-10-07
31347037,BILLA s.r.o.,Spoločnosť s ručením obmedzeným,85,2026-10-07
31595804,RAVEN a.s.,Akciová spoločnosť,79,2026-10-07
35790164,Kaufland Slovenská republika v.o.s.,Verejná obchodná spoločnosť,79,2026-10-07
35793783,"Lidl Slovenská republika, s.r.o.",Spoločnosť s ručením obmedzeným,77,2026-10-07
36252417,"REGIONPRESS, s.r.o.",Spoločnosť s ručením obmedzeným,77,2026-10-07
35960884,"Penta Hospitals SK, a. s.",Akciová spoločnosť,71,2026-10-07
00686930,"Tatra banka, a.s.",Akciová spoločnosť,67,2026-10-07
53507142,Workcontrol s.r.o.,Spoločnosť s ručením obmedzeným,63,2026-10-07
35739487,NAY a.s.,Akciová spoločnosť,60,2026-10-07
50020188,TERNO real estate s.r.o.,Spoločnosť s ručením obmedzeným,59,2026-10-07
35895136,"Dr.Max Holding SK, a.s.",Akciová spoločnosť,58,2026-10-07
31333532,"ESET, spol. s r.o.",Spoločnosť s ručením obmedzeným,51,2026-10-07
35763469,"Slovak Telekom, a.s.",Akciová spoločnosť,51,2026-10-07
36787507,"LPP Slovakia, s.r.o.",Spoločnosť s ručením obmedzeným,49,2026-10-07
57451851,Servers.com SK s. r. o.,Spoločnosť s ručením obmedzeným,49,2026-10-07
31364501,Železnice Slovenskej republiky,Nešpecifikovaná právna forma,48,2026-10-07
53773411,"Nemocnica BORY, a. s.",Akciová spoločnosť,47,2026-10-07
31575951,"Prima banka Slovensko, a.s.",Akciová spoločnosť,46,2026-10-07
31411606,"Vertiv Slovakia, a. s.",Akciová spoločnosť,45,2026-10-07
35829052,"Slovenské elektrárne, a.s.",Akciová spoločnosť,45,2026-10-07
43932282,TRIGON Consulting s.r.o.,Spoločnosť s ručením obmedzeným,43,2026-10-07
35976721,Deutsche Telekom Systems Solutions Slovakia s.r.o.,Spoločnosť s ručením obmedzeným,42,2026-10-07
50944177,LUGA Trade s.r.o.,Spoločnosť s ručením obmedzeným,42,2026-10-07
35792108,"Plastic Omnium Auto Exteriors, s.r.o.",Spoločnosť s ručením obmedzeným,41,2026-10-07
36707341,"ZF Slovakia, a.s.",Akciová spoločnosť,41,2026-10-07
47908611,PROPLUSCO Services spol. s r. o.,Spoločnosť s ručením obmedzeným,41,2026-10-07
47920670,"BENU Slovensko, a.s.",Akciová spoločnosť,41,2026-10-07
50665758,Kanadevia Inova Slovensko s.r.o.,Spoločnosť s ručením obmedzeným,41,2026-10-07
46509500,"Modivo Slovakia, s. r. o.",Spoločnosť s ručením obmedzeným,40,2026-10-07
00585441,"KOOPERATIVA poisťovňa, a.s. Vienna Insurance Group",Akciová spoločnosť,39,2026-10-07
36854140,"Československá obchodná banka, a.s.",Akciová spoločnosť,38,2026-10-07
31411801,"MATADOR Automotive Vráble, a.s.",Akciová spoločnosť,37,2026-10-07
51231735,MERKURY SHOP s.r.o.,Spoločnosť s ručením obmedzeným,37,2026-10-07
00397687,Slovenská technická univerzita v Bratislave,Verejnoprávna inštitúcia,36,2026-10-07
36256013,"PCA Slovakia, s.r.o.",Spoločnosť s ručením obmedzeným,36,2026-10-07
55647367,"Jeronimo Martins Slovensko, s. r. o.",Spoločnosť s ručením obmedzeným,36,2026-10-07
17336210,Záchranná zdravotná služba Bratislava,Príspevková organizácia,35,2026-10-07
17335825,Fakultná nemocnica s poliklinikou Žilina,Príspevková organizácia,34,2026-10-07
46868674,Pepco Slovakia s. r. o.,Spoločnosť s ručením obmedzeným,34,2026-10-07
47259116,"O2 Slovakia, s.r.o.",Spoločnosť s ručením obmedzeným,34,2026-10-07
53333349,"Management Quality, s. r. o.",Spoločnosť s ručením obmedzeným,34,2026-10-07
17053897,"MINIT SLOVAKIA, spol. s r.o.",Spoločnosť s ručením obmedzeným,33,2026-10-07
36846902,"TN logistica SK, s.r.o.",Spoločnosť s ručením obmedzeným,33,2026-10-07
31349307,Siemens s.r.o.,Spoločnosť s ručením obmedzeným,32,2026-10-07
35712783,"FAST PLUS, a.s.",Akciová spoločnosť,32,2026-10-07
35795425,RESTON s.r.o.,Spoločnosť s ručením obmedzeným,32,2026-10-07
36183181,LABAŠ s.r.o.,Spoločnosť s ručením obmedzeným,32,2026-10-07
36663662,Lear Corporation Seating Slovakia s.r.o.,Spoločnosť s ručením obmedzeným,32,2026-10-07
45952671,METRO Cash & Carry SR s. r. o.,Spoločnosť s ručením obmedzeným,32,2026-10-07
54652995,Spa Company Slovakia s.r.o,Spoločnosť s ručením obmedzeným,32,2026-10-07
00610470,Fakultná nemocnica Trenčín,Príspevková organizácia,31,2026-10-07
31560636,"Tatry mountain resorts, a.s.",Akciová spoločnosť,31,2026-10-07
47258152,Porsche Werkzeugbau s. r. o.,Spoločnosť s ručením obmedzeným,31,2026-10-07
50594940,"Let's work, s. r. o.",Spoločnosť s ručením obmedzeným,31,2026-10-07
51430428,PEMIAN s. r. o.,Spoločnosť s ručením obmedzeným,31,2026-10-07
55870783,Xinquan Slovakia Automotive Trim s. r. o.,Spoločnosť s ručením obmedzeným,31,2026-10-07
31595545,"KOMUNÁLNA poisťovňa, a.s. Vienna Insurance Group",Akciová spoločnosť,30,2026-10-07
34144790,"SLOVENSKÉ LIEČEBNÉ KÚPELE PIEŠŤANY, a.s.",Akciová spoločnosť,30,2026-10-07
31354467,"DHL Logistics (Slovakia), spol. s r.o.",Spoločnosť s ručením obmedzeným,29,2026-10-07
31813861,Univerzitná nemocnica Bratislava,Príspevková organizácia,29,2026-10-07
35692766,"PricewaterhouseCoopers Tax, k.s.",Komanditná spoločnosť,29,2026-10-07
51179458,Cliniq s. r. o.,Spoločnosť s ručením obmedzeným,29,2026-10-07
35697547,"COOP Jednota Slovensko, spotrebné družstvo",Družstvo,28,2026-10-07
31342876,"DHL Express (Slovakia), spol. s r. o.",Spoločnosť s ručením obmedzeným,27,2026-10-07
54884501,A.service s.r.o.,Spoločnosť s ručením obmedzeným,27,2026-10-07
35876557,Mobis Slovakia s.r.o.,Spoločnosť s ručením obmedzeným,26,2026-10-07
35890568,"ProCare, a.s.",Akciová spoločnosť,26,2026-10-07
36725323,Muehlbauer Technologies s.r.o.,Spoločnosť s ručením obmedzeným,26,2026-10-07
31322832,"SLOVNAFT, a.s.",Akciová spoločnosť,25,2026-10-07
31392229,McDonald's Slovakia spol. s r.o.,Spoločnosť s ručením obmedzeným,25,2026-10-07
50238485,P&P Construction s.r.o.,Spoločnosť s ručením obmedzeným,25,2026-10-07
52157164,PRO EXTERIÉR s. r. o.,Spoločnosť s ručením obmedzeným,25,2026-10-07
52241041,JOB for people s.r.o.,Spoločnosť s ručením obmedzeným,25,2026-10-07
52869253,Opus service s. r. o.,Spoločnosť s ručením obmedzeným,24,2026-10-07
00214973,Danucem Slovensko a.s.,Akciová spoločnosť,23,2026-10-07
31342809,Delirest Slovakia s. r. o.,Spoločnosť s ručením obmedzeným,23,2026-10-07
45736324,"Nemocnica s poliklinikou, n.o. Revúca",Nezisková organizácia poskytujúca všeobecne prospešné služby,23,2026-10-07
54490383,Volvo Car Slovakia s. r. o.,Spoločnosť s ručením obmedzeným,23,2026-10-07
17324246,"HENKEL SLOVENSKO, spol. s r.o.",Spoločnosť s ručením obmedzeným,22,2026-10-07
54697956,Person-steel MM s.r.o.,Spoločnosť s ručením obmedzeným,22,2026-10-07
56256078,ASTRODRIVE s. r. o.,Spoločnosť s ručením obmedzeným,22,2026-10-07
31393781,"dm drogerie markt, s.r.o.",Spoločnosť s ručením obmedzeným,21,2026-10-07
36352411,APIS Plastic Slovakia s. r. o.,Spoločnosť s ručením obmedzeným,21,2026-10-07
45626618,"VEDOS, s. r. o.",Spoločnosť s ručením obmedzeným,21,2026-10-07
55010113,Le s.r.o.,Spoločnosť s ručením obmedzeným,21,2026-10-07
55246249,"Caterpillar Slovakia, s. r. o.",Spoločnosť s ručením obmedzeným,21,2026-10-07
56322330,Bratislava Fleet s. r. o.,Spoločnosť s ručením obmedzeným,21,2026-10-07
00604381,"OMV Slovensko, s.r.o.",Spoločnosť s ručením obmedzeným,20,2026-10-07
30795371,"Súkromná spojená škola British International School Bratislava, Pekníkova 6, Bratislava",Nezisková organizácia,20,2026-10-07
35823551,"Západoslovenská energetika, a.s.",Akciová spoločnosť,20,2026-10-07
36298883,"DALITRANS, s.r.o.",Spoločnosť s ručením obmedzeným,20,2026-10-07
36718271,H & M Hennes & Mauritz SK s.r.o.,Spoločnosť s ručením obmedzeným,20,2026-10-07
36796921,Lenovo (Slovakia) s.r.o.,Spoločnosť s ručením obmedzeným,20,2026-10-07
43956700,"DUNEA, a.s.",Akciová spoločnosť,20,2026-10-07
50631080,Gi Group HR Services Slovakia s.r.o.,Spoločnosť s ručením obmedzeným,20,2026-10-07
54228573,"Generali Poisťovňa, pobočka poisťovne z iného členského štátu",Nešpecifikovaná právna forma,20,2026-10-07
54984823,Inventra s. r. o.,Spoločnosť s ručením obmedzeným,20,2026-10-07
00397865,Univerzita Komenského v Bratislave,Verejnoprávna inštitúcia,19,2026-10-07
31352979,OSPRA-INVEST spol. s r.o.,Spoločnosť s ručením obmedzeným,19,2026-10-07
31395538,"SYRMEX INTERNATIONAL, spol. s r.o.",Spoločnosť s ručením obmedzeným,19,2026-10-07
35914939,"Železničná spoločnosť Slovensko, a.s.",Akciová spoločnosť,19,2026-10-07
35939389,"ENPAY TRANSFORMER COMPONENTS, s.r.o.",Spoločnosť s ručením obmedzeným,19,2026-10-07
44921101,Deutsche Telekom Services Europe Slovakia s.r.o.,Spoločnosť s ručením obmedzeným,19,2026-10-07
46833323,Saneca Pharmaceuticals a. s.,Akciová spoločnosť,19,2026-10-07
46919872,TEDi Betriebs s. r. o.,Spoločnosť s ručením obmedzeným,19,2026-10-07
50600737,Minebea Slovakia s.r.o.,Spoločnosť s ručením obmedzeným,19,2026-10-07
30807484,Sociálna poisťovňa,Verejnoprávna inštitúcia,18,2026-10-07
31339204,"SOREA, spol. s r.o.",Spoločnosť s ručením obmedzeným,18,2026-10-07
31712428,"TOMARK, s.r.o.",Spoločnosť s ručením obmedzeným,18,2026-10-07
36199362,TEMPUS GROUP a.s.,Akciová spoločnosť,18,2026-10-07
36633623,AUMOVIO Slovakia s. r. o.,Spoločnosť s ručením obmedzeným,18,2026-10-07
36651311,LAMA SK a. s.,Akciová spoločnosť,18,2026-10-07
50451596,"ZOS Krajné, n.o.",Nezisková organizácia poskytujúca všeobecne prospešné služby,18,2026-10-07
51780747,Tachyum s.r.o.,Spoločnosť s ručením obmedzeným,18,2026-10-07
52255794,Handtmann Kechnec s. r. o.,Spoločnosť s ručením obmedzeným,18,2026-10-07
53521226,TempWorks s. r. o.,Spoločnosť s ručením obmedzeným,18,2026-10-07
56690291,ARM LOGISTICS s.r.o.,Spoločnosť s ručením obmedzeným,18,2026-10-07
35890487,"ARVAL SLOVAKIA, s.r.o.",Spoločnosť s ručením obmedzeným,17,2026-10-07
35913061,"YURA Corporation Slovakia, s. r. o.",Spoločnosť s ručením obmedzeným,17,2026-10-07
36325732,HELLA Slovakia Lighting s.r.o.,Spoločnosť s ručením obmedzeným,17,2026-10-07
36650871,"Delta Electronics (Slovakia), s.r.o.",Spoločnosť s ručením obmedzeným,17,2026-10-07
48136999,Packeta Slovakia s. r. o.,Spoločnosť s ručením obmedzeným,17,2026-10-07
51014033,VM Recruitment s.r.o.,Spoločnosť s ručením obmedzeným,17,2026-10-07
51353504,tenus group s.r.o.,Spoločnosť s ručením obmedzeným,17,2026-10-07
52104656,KPM globals s. r. o.,Spoločnosť s ručením obmedzeným,17,2026-10-07
55277187,Prohuman Slovakia s. r. o.,Spoločnosť s ručením obmedzeným,17,2026-10-07
55323898,Nikos Personal s. r. o.,Spoločnosť s ručením obmedzeným,17,2026-10-07
55466150,VM Company s. r. o.,Spoločnosť s ručením obmedzeným,17,2026-10-07
56664338,"Torsus Slovakia, s. r. o.",Spoločnosť s ručením obmedzeným,17,2026-10-07
00399957,Ekonomická univerzita v Bratislave,Verejnoprávna inštitúcia,16,2026-10-07
17055164,"PPA CONTROLL, a.s.",Akciová spoločnosť,16,2026-10-07
30225574,"TBB, a. s.",Akciová spoločnosť,16,2026-10-07
31634419,"Penta Bank, a. s.",Akciová spoločnosť,16,2026-10-07
35760800,"LIND MOBLER SLOVAKIA, s.r.o.",Spoločnosť s ručením obmedzeným,16,2026-10-07
35839121,"Ernst & Young, s. r. o.",Spoločnosť s ručením obmedzeným,16,2026-10-07
35865679,Nemocničná a.s.,Akciová spoločnosť,16,2026-10-07
35893532,"KONE Business Services, s.r.o.",Spoločnosť s ručením obmedzeným,16,2026-10-07
45691118,Dentsply Sirona Slovakia s. r. o.,Spoločnosť s ručením obmedzeným,16,2026-10-07
46278605,PETROSTAV SK s.r.o.,Spoločnosť s ručením obmedzeným,16,2026-10-07
47559101,"Zurich Insurance Company Ltd, organizačná zložka",Nešpecifikovaná právna forma,16,2026-10-07
47807709,FOKUS očná optika a. s.,Akciová spoločnosť,16,2026-10-07
52110354,ABENA s.r.o.,Spoločnosť s ručením obmedzeným,16,2026-10-07
31403344,"PLAČEK PREMIUM, s. r. o.",Spoločnosť s ručením obmedzeným,15,2026-10-07
35760419,"Asseco Central Europe, a. s.",Akciová spoločnosť,15,2026-10-07
35893427,Minebea AccessSolutions Slovakia s. r. o.,Spoločnosť s ručením obmedzeným,15,2026-10-07
36030554,"Cortizo Slovakia, a.s.",Akciová spoločnosť,15,2026-10-07
36441392,SUNGWOO HITECH Slovakia s.r.o.,Spoločnosť s ručením obmedzeným,15,2026-10-07
36447269,KARMEN - veľkoobchod potravín s.r.o.,Spoločnosť s ručením obmedzeným,15,2026-10-07
36472549,"LUNYS, s.r.o.",Spoločnosť s ručením obmedzeným,15,2026-10-07
36563226,"TRIGO Slovakia, s.r.o.",Spoločnosť s ručením obmedzeným,15,2026-10-07
36684597,"HKS Forge, s.r.o.",Spoločnosť s ručením obmedzeným,15,2026-10-07
45575941,Dustream production s.r.o.,Spoločnosť s ručením obmedzeným,15,2026-10-07
46945300,FAV Group s.r.o.,Spoločnosť s ručením obmedzeným,15,2026-10-07
50473484,"FARMOL SLOVAKIA, s.r.o.",Spoločnosť s ručením obmedzeným,15,2026-10-07
55237827,WORK GROUP s. r. o.,Spoločnosť s ručením obmedzeným,15,2026-10-07
55901328,GIB EnergyX Slovakia s.r.o.,Spoločnosť s ručením obmedzeným,15,2026-10-07
56275200,Drugett s. r. o.,Spoločnosť s ručením obmedzeným,15,2026-10-07
56887744,Staffmate s. r. o.,Spoločnosť s ručením obmedzeným,15,2026-10-07
00604879,Centrum sociálnych služieb prof. Karola Matulaya pre deti a dospelých,Rozpočtová organizácia,14,2026-10-07
35697270,"Orange Slovensko, a.s.",Akciová spoločnosť,14,2026-10-07
35820349,Sisecam Automotive Slovakia s.r.o.,Spoločnosť s ručením obmedzeným,14,2026-10-07
35829761,ZF Active Safety Slovakia s.r.o.,Spoločnosť s ručením obmedzeným,14,2026-10-07
35930209,"TECHNOGYM E.E., s. r.o.",Spoločnosť s ručením obmedzeným,14,2026-10-07
36255220,Pierre Baguette s. r. o.,Spoločnosť s ručením obmedzeným,14,2026-10-07
36454192,"PSS SVIDNÍK, a.s.",Akciová spoločnosť,14,2026-10-07
47988673,Yanfeng International Automotive Technology Slovakia s.r.o.,Spoločnosť s ručením obmedzeným,14,2026-10-07
48054399,"Fachleute, s. r. o.",Spoločnosť s ručením obmedzeným,14,2026-10-07
50005162,"IDEAL Automotive Malacky, s. r. o.",Spoločnosť s ručením obmedzeným,14,2026-10-07
50634721,EU Poultry s.r.o.,Spoločnosť s ručením obmedzeným,14,2026-10-07
50897845,"FLS Company, s. r. o.",Spoločnosť s ručením obmedzeným,14,2026-10-07
51797208,ApplyNetwork Europe s. r. o.,Spoločnosť s ručením obmedzeným,14,2026-10-07
51942631,DOLMET s.r.o.,Spoločnosť s ručením obmedzeným,14,2026-10-07
52614476,ZG Company s.r.o.,Spoločnosť s ručením obmedzeným,14,2026-10-07
53521218,International Mobility Slovakia s. r. o.,Spoločnosť s ručením obmedzeným,14,2026-10-07
54249988,Black Falcon Trading Slovakia s. r. o.,Spoločnosť s ručením obmedzeným,14,2026-10-07
56904568,"Productiveworkers, s. r. o.",Spoločnosť s ručením obmedzeným,14,2026-10-07
30223041,New Originals (SK) s. r. o.,Spoločnosť s ručením obmedzeným,13,2026-10-07
31335004,"Prvá stavebná sporiteľňa, a. s.",Akciová spoločnosť,13,2026-10-07
34106880,"Snop Automotive Malacky, a. s.",Akciová spoločnosť,13,2026-10-07
35811439,ARRIVA Slovakia a.s.,Akciová spoločnosť,13,2026-10-07
35967480,Constellium Extrusions Levice s.r.o.,Spoločnosť s ručením obmedzeným,13,2026-10-07
36740519,"MBM-GROUP, a.s.",Akciová spoločnosť,13,2026-10-07
36773123,"TAURIS, a.s.",Akciová spoločnosť,13,2026-10-07
36861162,SMRC Automotive Solutions Slovakia s. r. o.,Spoločnosť s ručením obmedzeným,13,2026-10-07
44390823,ATALIAN SK s. r. o.,Spoločnosť s ručením obmedzeným,13,2026-10-07
46800638,"MC POWER, s.r.o.",Spoločnosť s ručením obmedzeným,13,2026-10-07
48046434,"Brose Prievidza, spol. s r.o.",Spoločnosť s ručením obmedzeným,13,2026-10-07
53699947,Global Workforce s. r. o.,Spoločnosť s ručením obmedzeným,13,2026-10-07
55759831,"Keity group, s. r. o.",Spoločnosť s ručením obmedzeným,13,2026-10-07
56668384,GRALEX s. r. o.,Spoločnosť s ručením obmedzeným,13,2026-10-07
57189854,DMJ Europe s. r. o.,Spoločnosť s ručením obmedzeným,13,2026-10-07
00153052,"SHP Harmanec, a.s.",Akciová spoločnosť,12,2026-10-07
00490873,Domov jesene života,Rozpočtová organizácia,12,2026-10-07
00683868,Systemair Production a.s.,Akciová spoločnosť,12,2026-10-07
30845572,Ministerstvo obrany Slovenskej republiky,Rozpočtová organizácia,12,2026-10-07
31319637,STRABAG BRVZ s.r.o.,Spoločnosť s ručením obmedzeným,12,2026-10-07
31347215,Škoda Auto Slovensko s.r.o.,Spoločnosť s ručením obmedzeným,12,2026-10-07
31423230,"Semikron Danfoss, s.r.o.",Spoločnosť s ručením obmedzeným,12,2026-10-07
31439951,KJG a. s.,Akciová spoločnosť,12,2026-10-07
31609520,"NEWAYS SLOVAKIA, a.s.",Akciová spoločnosť,12,2026-10-07
31617191,"COMEXTRANS, s.r.o.",Spoločnosť s ručením obmedzeným,12,2026-10-07
34112278,"HSF, s.r.o.",Spoločnosť s ručením obmedzeným,12,2026-10-07
35706686,"I.D.C. Holding, a.s.",Akciová spoločnosť,12,2026-10-07
35782986,"Duvenbeck Slovensko, s.r.o.",Spoločnosť s ručením obmedzeným,12,2026-10-07
35830247,PLOTON s.r.o.,Spoločnosť s ručením obmedzeným,12,2026-10-07
35898933,DEICHMANN-OBUV SK s.r.o.,Spoločnosť s ručením obmedzeným,12,2026-10-07
36017302,"DRUŽBA, s.r.o.",Spoločnosť s ručením obmedzeným,12,2026-10-07
36084221,Nemocnica Alexandra Wintera n.o.,Nezisková organizácia poskytujúca všeobecne prospešné služby,12,2026-10-07
36460311,"Siluma, spol. s r.o.",Spoločnosť s ručením obmedzeným,12,2026-10-07
36506184,ANDRITZ Slovakia s.r.o.,Spoločnosť s ručením obmedzeným,12,2026-10-07
36518514,"ROBI, spol. s r.o.",Spoločnosť s ručením obmedzeným,12,2026-10-07
36534293,"FM SLOVENSKÁ, s.r.o.",Spoločnosť s ručením obmedzeným,12,2026-10-07
36631124,"Slovenská pošta, a.s.",Akciová spoločnosť,12,2026-10-07
44173717,"Bourbon Automotive Plastics Dolný Kubín, s.r.o., v skratke Bourbon AP Dolný Kubín, s.r.o.",Spoločnosť s ručením obmedzeným,12,2026-10-07
45239568,EPF Logistics s. r. o.,Spoločnosť s ručením obmedzeným,12,2026-10-07
47249153,"Haleon Levice, s.r.o.",Spoločnosť s ručením obmedzeným,12,2026-10-07
50214284,NeCaSo s. r. o.,Spoločnosť s ručením obmedzeným,12,2026-10-07
50506005,"ING Hubs B.V., organizačná zložka Slovensko",Nešpecifikovaná právna forma,12,2026-10-07
53208153,A&T Coop s.r.o.,Spoločnosť s ručením obmedzeným,12,2026-10-07
53552881,7 VITALS s. r. o.,Spoločnosť s ručením obmedzeným,12,2026-10-07
56968388,Trang s. r. o.,Spoločnosť s ručením obmedzeným,12,2026-10-07
00212008,Generálne riaditeľstvo Zboru väzenskej a justičnej stráže,Rozpočtová organizácia,11,2026-10-07
00606715,Detská fakultná nemocnica Košice,Príspevková organizácia,11,2026-10-07
00610381,Fakultná nemocnica Trnava,Príspevková organizácia,11,2026-10-07
31318762,"FCC Slovensko, s.r.o.",Spoločnosť s ručením obmedzeným,11,2026-10-07
31329519,MEGGLE Slovakia s. r. o.,Spoločnosť s ručením obmedzeným,11,2026-10-07
31343414,Deloitte Audit s.r.o.,Spoločnosť s ručením obmedzeným,11,2026-10-07
31407536,"NEW YORKER Slovakia, s.r.o.",Spoločnosť s ručením obmedzeným,11,2026-10-07
31443923,"Panta Rhei, s.r.o.",Spoločnosť s ručením obmedzeným,11,2026-10-07
31582028,DETOX s.r.o.,Spoločnosť s ručením obmedzeným,11,2026-10-07
31633218,KÚPELE LÚČKY a.s.,Akciová spoločnosť,11,2026-10-07
35786299,Amazon /Slovakia/ s.r.o.,Spoločnosť s ručením obmedzeným,11,2026-10-07
36245895,"FMC - dialyzačné služby, s.r.o.",Spoločnosť s ručením obmedzeným,11,2026-10-07
36246204,"Emil Krajčík, s.r.o.",Spoločnosť s ručením obmedzeným,11,2026-10-07
36297364,"Bel Power Solutions, s.r.o.",Spoločnosť s ručením obmedzeným,11,2026-10-07
36534391,"INCAR, s.r.o.",Spoločnosť s ručením obmedzeným,11,2026-10-07
36597384,Unomedical s.r.o.,Spoločnosť s ručením obmedzeným,11,2026-10-07
36657913,ZKW Slovakia s.r.o.,Spoločnosť s ručením obmedzeným,11,2026-10-07
42054575,Správa ciest Žilinského samosprávneho kraja,Príspevková organizácia,11,2026-10-07
46279610,"Newport Group, a.s.",Akciová spoločnosť,11,2026-10-07
46287825,"SNP Slovakia, s. r. o.",Spoločnosť s ručením obmedzeným,11,2026-10-07
47353309,Brightpick s. r. o.,Spoločnosť s ručením obmedzeným,11,2026-10-07
50100980,Adient Slovakia s.r.o.,Spoločnosť s ručením obmedzeným,11,2026-10-07
51129825,"FAJN SERVIS, s. r. o.",Spoločnosť s ručením obmedzeným,11,2026-10-07
52021718,For Home Development s.r.o.,Spoločnosť s ručením obmedzeným,11,2026-10-07
52461904,WELLWORK Agency Slovakia s. r. o.,Spoločnosť s ručením obmedzeným,11,2026-10-07
52849317,Mantra Ayurveda Wellness s. r. o.,Spoločnosť s ručením obmedzeným,11,2026-10-07
52943593,"Autoškola Beňuš, s. r. o.",Spoločnosť s ručením obmedzeným,11,2026-10-07
53819071,BizLink Industry Slovakia spol. s r. o.,Spoločnosť s ručením obmedzeným,11,2026-10-07
54456321,Wilson Consulting s. r. o.,Spoločnosť s ručením obmedzeným,11,2026-10-07
54866715,BHP River Park s. r. o.,Spoločnosť s ručením obmedzeným,11,2026-10-07
54998778,DAMIAN JASNA HOTEL RESORT & RESIDENCES s.r.o.,Spoločnosť s ručením obmedzeným,11,2026-10-07
55679447,"OPUS MAX SK, s. r. o.",Spoločnosť s ručením obmedzeným,11,2026-10-07
56244011,Woolworth Slovensko s.r.o.,Spoločnosť s ručením obmedzeným,11,2026-10-07
57140928,BojMate s. r. o.,Spoločnosť s ručením obmedzeným,11,2026-10-07
00151866,Ministerstvo vnútra Slovenskej republiky,Rozpočtová organizácia,10,2026-10-07
00164844,Štátna filharmónia Košice,Príspevková organizácia,10,2026-10-07
17336171,Liečebňa pre dlhodobo chorých Štiavnička,Príspevková organizácia,10,2026-10-07
31626572,Danfoss Power Solutions a.s.,Akciová spoločnosť,10,2026-10-07
31687580,"SPINEA, s.r.o.",Spoločnosť s ručením obmedzeným,10,2026-10-07
31715362,"OMIDA, spol. s r.o.",Spoločnosť s ručením obmedzeným,10,2026-10-07
31721648,"CASSPOS, a.s.",Akciová spoločnosť,10,2026-10-07
35872209,Pankl Automotive Slovakia s.r.o.,Spoločnosť s ručením obmedzeným,10,2026-10-07
35884916,"Letisko M.R.Štefánika - Airport Bratislava, a.s. (BTS)",Akciová spoločnosť,10,2026-10-07
35912189,Mondelez European Business Services Centre s. r. o.,Spoločnosť s ručením obmedzeným,10,2026-10-07
35956526,SLOVCLEAN a.s.,Akciová spoločnosť,10,2026-10-07
35974133,JYSK s.r.o.,Spoločnosť s ručením obmedzeným,10,2026-10-07
36017205,"GEVORKYAN, a.s.",Akciová spoločnosť,10,2026-10-07
36348783,MAN Components s.r.o.,Spoločnosť s ručením obmedzeným,10,2026-10-07
36386553,"Schaeffler Kysuce, spol. s r.o.",Spoločnosť s ručením obmedzeným,10,2026-10-07
36562939,Alza.sk s. r. o.,Spoločnosť s ručením obmedzeným,10,2026-10-07
36629723,"TUBAPACK, a.s.",Akciová spoločnosť,10,2026-10-07
36650021,MWS Casting s.r.o.,Spoločnosť s ručením obmedzeným,10,2026-10-07
36779644,"Inditex Slovakia, s. r. o.",Spoločnosť s ručením obmedzeným,10,2026-10-07
36821730,GPV Slovakia (Nova) s. r. o.,Spoločnosť s ručením obmedzeným,10,2026-10-07
42499500,Finančné riaditeľstvo Slovenskej republiky,Rozpočtová organizácia,10,2026-10-07
43989268,"AVA-stav, s.r.o.",Spoločnosť s ručením obmedzeným,10,2026-10-07
44018649,CBRE Global Workplace Solutions s. r. o.,Spoločnosť s ručením obmedzeným,10,2026-10-07
44130651,"Grand hotel Permon, s.r.o.",Spoločnosť s ručením obmedzeným,10,2026-10-07
45503249,"Martinus, s.r.o.",Spoločnosť s ručením obmedzeným,10,2026-10-07
46135821,"KAI FA, s. r. o.",Spoločnosť s ručením obmedzeným,10,2026-10-07
46440224,GymBeam s.r.o.,Spoločnosť s ručením obmedzeným,10,2026-10-07
46650385,"KROM Logistics, s. r. o.",Spoločnosť s ručením obmedzeným,10,2026-10-07
47624051,FREQUENTIS Solutions & Services s. r. o.,Spoločnosť s ručením obmedzeným,10,2026-10-07
47946997,Sirtaki s.r.o.,Spoločnosť s ručením obmedzeným,10,2026-10-07
48264709,Maplan s. r. o.,Spoločnosť s ručením obmedzeným,10,2026-10-07
50828371,Nemocnica AGEL Komárno s.r.o.,Spoločnosť s ručením obmedzeným,10,2026-10-07
51676524,AmRest SK s.r.o.,Spoločnosť s ručením obmedzeným,10,2026-10-07
51845288,Milvus Dent s.r.o.,Spoločnosť s ručením obmedzeným,10,2026-10-07
52037231,LH Personal s.r.o.,Spoločnosť s ručením obmedzeným,10,2026-10-07
52803244,Flóra Obal s.r.o.,Spoločnosť s ručením obmedzeným,10,2026-10-07
53623037,vinbostav s. r. o.,Spoločnosť s ručením obmedzeným,10,2026-10-07
53991893,PUELLAvone s.r.o.,Spoločnosť s ručením obmedzeným,10,2026-10-07
56044305,Uniconn Technology Slovakia s. r. o.,Spoločnosť s ručením obmedzeným,10,2026-10-07
56116233,Satyam Slovakia s. r. o.,Spoločnosť s ručením obmedzeným,10,2026-10-07
56730438,Faurecia Interiors Slovakia s. r. o.,Spoločnosť s ručením obmedzeným,10,2026-10-07
56886071,DENIMA s. r. o.,Spoločnosť s ručením obmedzeným,10,2026-10-07
57542449,O.H. TRUCKS s. r. o.,Spoločnosť s ručením obmedzeným,10,2026-10-07
